{
	"id": "7e0f2a13-76e8-41ec-b995-ed0bb571cc18",
	"name": "QA",
	"values": [
		{
			"key": "tokenurl",
			"value": "Token URL of Process Integration Runtime Service – integration-flow Plan",
			"type": "default",
			"enabled": true
		},
		{
			"key": "clientid",
			"value": "Client Id of Process Integration Runtime Service – integration-flow Plan",
			"type": "default",
			"enabled": true
		},
		{
			"key": "clientsecret",
			"value": "Client Secret of Process Integration Runtime Service – integration-flow Plan",
			"type": "secret",
			"enabled": true
		},
		{
			"key": "host",
			"value": "Hostname of Process Integration Runtime Service – integration-flow Plan",
			"type": "default",
			"enabled": true
		}
	],
	"_postman_variable_scope": "environment",
	"_postman_exported_at": "2024-01-01T13:05:26.958Z",
	"_postman_exported_using": "Postman/10.21.9"
}